"","DAAA","DBAA","DGS30","FF","MORTGAGE30US","WAAA","WBAA","WGS10YR","WGS1YR","WGS2YR","WGS30YR","WGS3YR","WGS5YR","WGS7YR","WTB3MS","WTB6MS"
"2013-12-12",0.0790611183791493,0.0673308504320044,0.0900246918712885,0.0165773190870573,0.0769045773771119,0.0912209628564089,0.0845394587369945,0.0887702081156495,0.00280371943507173,0.0275878014427058,0.0913381587977656,0.0871393856093975,0.0932192627212701,0.0939539784781969,0.00451492134941953,0.00501358531050847
"2013-12-19",0.0759716095911827,0.0706585907018934,0.0919880538870198,0.0161834103251446,0.0923427200954396,0.0912072301460335,0.0877401928594329,0.0881919424484689,0.00264249249946347,0.0241541233847262,0.0804273516529363,0.0849027176682259,0.0940842256704736,0.0912953853728558,0.00388102048238138,0.00432893321432203
"2013-12-26",0.0742124351169877,0.0680770852176903,0.0909892717840905,0.0160973388777877,0.0946738229274223,0.0878026644887455,0.0797998552084085,0.0869717780529574,0.00325656660245812,0.0297503236983832,0.0842810845885874,0.0823514590786357,0.097216376275316,0.0946734328970874,0.00452272334642481,0.00532378183901744
"2014-01-02",0.0874390975492213,0.0705916493296378,0.099349638193217,0.0168141817256923,0.0840080355974796,0.0949182899146246,0.0819610380969952,0.0792441179233624,0.00315945786872381,0.0236806877210493,0.082983015723622,0.0869099567848447,0.0934876521981451,0.0870761256429327,0.00409684856463826,0.00428020716581391
"2014-01-09",0.0721758769625242,0.0605928102274515,0.093981763673408,0.0206788851849857,0.0742899286007436,0.0932689143924359,0.0937382420380876,0.0894040074702684,0.00309209448524873,0.0222990764852933,0.087956128342875,0.0860003340427589,0.102946768823786,0.0905977411965083,0.00439625165054205,0.00458117642308286
"2014-01-16",0.075474785074545,0.0575597974481543,0.0947659029727211,0.014419734607327,0.0840084511839792,0.0893534600691575,0.0742564131406957,0.0894748626486953,0.00312117387290243,0.0246596268037019,0.0882380877457836,0.0898916721799455,0.10487758357723,0.10054190403589,0.00440515038769961,0.0049513942515725
"2014-01-23",0.0700873460937231,0.0574410279551414,0.0831177928514796,0.0131595066595677,0.0762474968575676,0.0945606287326354,0.0861383588077463,0.0905377245219051,0.0041748242499163,0.0312468615418913,0.0920487634624157,0.0935567299686062,0.0978826066028684,0.098592364431228,0.00528398113597406,0.00592398612733379
"2014-01-30",0.0713969543511053,0.040595383833627,0.0888313487209306,0.0112768120516386,0.0757968213211503,0.0923752700330585,0.0894083837780913,0.093893450854101,0.00415884775136507,0.0294651523122294,0.0909969815975442,0.0947735148831068,0.105412845179291,0.0994637574699305,0.00542324111615455,0.00673123474667602
"2014-02-06",0.0722575224122499,0.0389003468932301,0.0934971976132183,0.0179361566362726,0.0824809104828268,0.0946007678420375,0.0666144831181147,0.0918721739735419,0.00395858888248948,0.0295188892767214,0.091770179537973,0.092860986910609,0.11082670547787,0.101357154711791,0.00537341327871084,0.00617452295234368
"2014-02-13",0.0686555666696834,0.0401014306983654,0.087459024161348,0.0139195339288838,0.0672777190202091,0.0961479029293902,0.0750064985493948,0.101204315614355,0.00400886238703833,0.0311062467984533,0.0977511711356571,0.0963664230133086,0.10804348286335,0.102002782031882,0.00506091068097547,0.00588812951770607
"2014-02-20",0.0725392916506114,0.0420213246926865,0.0971555191345446,0.0219035397055051,0.0720070874481344,0.0909093682187909,0.0661167696573486,0.0920689241361971,0.00424510731413957,0.0335708667041882,0.0958809968847162,0.0922445020685943,0.109137029375728,0.0985471695751188,0.00538802754447286,0.00626447588922399
"2014-02-27",0.0777096751948288,0.0376708805369454,0.0952368370354932,0.0194373338874898,0.079581690905311,0.0921020468291124,0.0640997925526399,0.0913148082856147,0.00413877925108749,0.0269104474511135,0.0933073340060588,0.0920145867104214,0.109609983852737,0.105569756378056,0.00539159113342634,0.00590445598966493
"2014-03-06",0.0756701024122277,0.0408975524905295,0.0930194760592168,0.0260334285653768,0.0820298119497386,0.0915772888745077,0.0638591670295846,0.093972167987447,0.0047716802580939,0.0309790036641922,0.0886449371273674,0.0900285675066992,0.105740565332965,0.0993196885796297,0.00623408668391096,0.00722247547851298
"2014-03-13",0.0783687032085438,0.0415971276375995,0.0966915474105999,0.0237770131016027,0.0773694655080939,0.0927399856030147,0.067015888955232,0.0912639032130295,0.00489452751177452,0.0274872979584974,0.0918129169717434,0.0897311569219686,0.102996681063314,0.101666860966397,0.00598145369153374,0.00660547027705484
"2014-03-20",0.0755779863165595,0.0419725044508848,0.0944190631920677,0.0214498541944534,0.0766052666332811,0.0943534337739079,0.069032674919859,0.0906969755406767,0.00531360991661181,0.0305522658503817,0.0921393629944324,0.0873296990337728,0.105555987961971,0.0978965280799321,0.00765176578560105,0.00945302135560725
"2014-03-27",0.0729012217517441,0.0403957978427037,0.0875205656203179,0.019180606643065,0.074241550349868,0.0994914508287302,0.0613463289853792,0.094105040655992,0.00689953341010658,0.0342050649863909,0.0960211508500878,0.0898642692831739,0.105812357207451,0.101925722194421,0.00763349078210345,0.00845584860846549
"2014-04-03",0.0682277257227334,0.0417890237525327,0.0909586807047913,0.020106089269831,0.0751089757516888,0.0887006359407122,0.0612486016290663,0.0943294103362798,0.00784869541447924,0.0340816307574629,0.0942626640369395,0.0913168225527,0.108713648868613,0.105568890632024,0.00873291958592023,0.0090055850442252
"2014-04-10",0.065958867778279,0.0367002697285051,0.0869304188755523,0.0212428833397579,0.0714990075302374,0.090032109962679,0.0594044692461242,0.0927426354129231,0.00869183944731839,0.0367686793080074,0.095409731157627,0.0952999891635039,0.113727333628823,0.104101920116346,0.0100615104437838,0.0114283348605326
"2014-04-17",0.0615631518113223,0.0346549920236235,0.0929556370035015,0.0194015492533673,0.0679811161271622,0.0911069898287866,0.0530645272220461,0.0937323840613534,0.00920166284172522,0.0372031429457521,0.103665394267582,0.0895246034941451,0.116150530931368,0.107577762486762,0.0109812284948359,0.011235327206667
"2014-04-24",0.0651222851190966,0.037529266575536,0.0957736914863033,0.0215477065908626,0.060447808491277,0.0801898365739065,0.0518345186640706,0.0920896018726708,0.0101014689712625,0.0384908924125931,0.107439939039767,0.0941761624931764,0.116631509278234,0.104006583397044,0.0117754850418777,0.0128432439923228
"2014-05-01",0.0786953569738307,0.046142642902927,0.101091686247031,0.0136673536474108,0.0473934981231257,0.0925217080525012,0.0597073205558663,0.0828326328678325,0.0109210816513721,0.0396609062511758,0.113654267964328,0.0838755858536156,0.104796880087661,0.0929786287413179,0.0158221458275105,0.0162383042524939
"2014-05-08",0.094906345531865,0.0566255330590868,0.101210952342536,0.0148716999655095,0.0419790428516509,0.101897243896335,0.0690241219786924,0.0697458896328919,0.0137448757038246,0.0381668706630656,0.112900324794059,0.0717004344659956,0.0915509508113317,0.0817671242531457,0.0186740025485602,0.021234587501451
"2014-05-15",0.0988387455287916,0.0625226748890197,0.0990387553853144,0.0201609698280467,0.036731892127196,0.103652839378344,0.0712121584259424,0.0630241647535234,0.016232096804786,0.0406031679115803,0.108686718301974,0.0700935768107512,0.0855110389861367,0.0770477965079557,0.0211497137103125,0.0254936906503259
"2014-05-22",0.106991165669338,0.066974711593926,0.104400112274326,0.0130655546858054,0.0344972476307195,0.106845493044715,0.075482894861556,0.0566925083160581,0.0205403750239902,0.0434857667586716,0.103792238974202,0.0662184444361917,0.0786998545774242,0.0672764640421682,0.0258080877186142,0.0292290803922932
"2014-05-29",0.110040475310824,0.0705093512004049,0.100891345689952,0.0158207313345053,0.0303331321071676,0.109678447849451,0.0773319398759367,0.0529594544704861,0.0260723422435665,0.0446826705229353,0.100967470855515,0.0663732251296278,0.0742125739942995,0.0612535590748404,0.026493884471704,0.0323793958687842
"2014-06-05",0.114124012720975,0.0809686262503777,0.102242891756588,0.0162053169785715,0.0282135646534424,0.111184949258678,0.0797982579295919,0.0499069834985401,0.0265255163689547,0.046371501984348,0.100034377819992,0.0631630927106009,0.0666627068467251,0.0554481821825006,0.0266475278443294,0.0325024911957848
"2014-06-12",0.11863626089794,0.0921365379574269,0.110215961066577,0.018042676019987,0.024296672887259,0.11355817132656,0.087594899512983,0.0428054516552614,0.0312604346657319,0.0425232162156157,0.0981654548790438,0.0554689698891642,0.0571777110313601,0.0461189496514098,0.027823140012641,0.0341754923310392
"2014-06-19",0.121862723461399,0.100777002075686,0.110258807140138,0.0178795243854202,0.025801859352157,0.11645905739537,0.0962783566045211,0.0381499597865385,0.0284703913231222,0.0402678528241618,0.106772428027927,0.0511102403532262,0.0519146659253721,0.041028365281853,0.0227249658509999,0.0302438002121083
"2014-06-26",0.120783932176498,0.111390181534102,0.118111843033426,0.0132295149207894,0.0262160521767687,0.117304614465872,0.102796967826937,0.0348678438478562,0.0295281733743769,0.0438991904337721,0.0995777434572531,0.0487584733352877,0.0482901011583706,0.0357409771163976,0.021305746889112,0.0281986442531816
"2014-07-03",0.120811240870761,0.117156874867599,0.114162377411349,0.0131373742063055,0.0298229097768408,0.112333860856955,0.109471216143442,0.0361881461370374,0.0276601906908756,0.0401770692880736,0.109951458601611,0.0458435577197732,0.0438348920819128,0.0306872193325153,0.0210878583511582,0.0276737536637903
"2014-07-10",0.127842765120806,0.122671640800222,0.119463994674126,0.014968806028115,0.0298816400432777,0.109654314613759,0.11264582170458,0.0351665778137789,0.023879208681399,0.0377961906098002,0.109297804048988,0.0448365867265952,0.041174040668289,0.0277553664579326,0.0193639806933799,0.0236012613149525
"2014-07-17",0.122033555553498,0.135354031858336,0.107683936630877,0.0110907095993419,0.0303893246583559,0.102430817410505,0.125632813134988,0.0344586553260017,0.0244837591853174,0.0393311666308413,0.107638506016439,0.0461026804746431,0.0403042295725083,0.0253477757676445,0.0221925169715908,0.0255255212091127
"2014-07-24",0.125406293464424,0.140106026779385,0.109207132333059,0.0115813260860133,0.0314036409144142,0.114335154949072,0.129277389827259,0.0353169977237719,0.0235070094758373,0.034434946273431,0.103725923453774,0.041264754062789,0.036690240144931,0.0230479607231162,0.0189468440768598,0.0217483597118629
"2014-07-31",0.129219942477411,0.135800725034699,0.112688635212023,0.00987496783033781,0.0325988046108556,0.113136322498128,0.128674127041973,0.0354538805663772,0.023309717689676,0.0359284846142152,0.105199834904273,0.0431374327206654,0.0352924692742256,0.0210700896821367,0.0176427725182634,0.0209717933247401
"2014-08-07",0.128305354157448,0.136317132597828,0.113531605927082,0.00975739193970705,0.0335765307907767,0.116652357027401,0.128895736694757,0.0398138110008803,0.0245982358999034,0.0332815003799776,0.110493574799991,0.0390058652782966,0.0302846200434447,0.0186687525630076,0.0171778010282461,0.0196397298712529
"2014-08-14",0.128850872326903,0.134025830667122,0.117489925027836,0.0115385313110243,0.0331269823661455,0.118994998443924,0.127796200448993,0.0410809538959767,0.017731184539275,0.0310383588504172,0.11337058510881,0.0388011155204203,0.0294825518067366,0.0193822438021191,0.0180775728545811,0.0192120930297167
"2014-08-21",0.128661825605541,0.135854869944633,0.130089982266937,0.0126377121015941,0.0312503373935226,0.122931763054068,0.125465795770697,0.0387305759073207,0.0159430879441502,0.0293304928902278,0.11526684184016,0.0368619582050935,0.0276743974723439,0.0172530276148212,0.0147311728267105,0.0173161591621797
"2014-08-28",0.128333518562294,0.132263879238788,0.131727370689173,0.00985744469134335,0.0331409693068254,0.122401542686897,0.125475150388002,0.0382807020406609,0.019992912491599,0.0288155482774725,0.117625786754626,0.0348071483497116,0.0270677198191585,0.0164161463161618,0.0163709873906611,0.0174231729966256
"2014-09-04",0.126910147267394,0.129249703199782,0.135118255255949,0.00933340386195661,0.0298512683045034,0.126737590522567,0.122791587570334,0.0379249477689637,0.0157695792027859,0.0286543270046358,0.12294846682702,0.0397044504228777,0.0260892216390331,0.0144253519182361,0.0165409822848076,0.0179507169491545
"2014-09-11",0.125949360920894,0.129148176899671,0.131627840675035,0.00785901746178068,0.027715847968198,0.119887896915797,0.117122983526936,0.034532881751944,0.01181415299342,0.0373331840974392,0.122358337952982,0.05537222234719,0.0298726126890551,0.0130969631384614,0.0173285753817614,0.018979945279436
"2014-09-18",0.124118260000182,0.127110665297329,0.133555135010677,0.00669917258918817,0.0231383704499044,0.124142621386537,0.127530854628639,0.0338503680449622,0.0144117896893617,0.0318630403949245,0.12187952610837,0.0475026074701993,0.0256224817984277,0.0125238012217475,0.0207750689799223,0.0252762369296288
"2014-09-25",0.125071909664057,0.128411138591514,0.139850405570461,0.00657132372202494,0.0211571163698008,0.120331421249524,0.120150635193803,0.0308882823420074,0.0163007180570125,0.0307051724189003,0.1203513820542,0.0446614795527083,0.0225431107722704,0.0118337285573242,0.0235870495722413,0.0375851263121509
"2014-10-02",0.11850872770645,0.124848901707902,0.13476808067741,0.00618696535762715,0.0197142142488698,0.117959259428434,0.115528518457149,0.0265417447126252,0.0150678884911476,0.030174781998804,0.119844293445927,0.0441488792900079,0.0213881728271332,0.0102372487556648,0.0271233847925493,0.0679589381022979
"2014-10-09",0.121470674254345,0.128949861380298,0.141367382646543,0.00478088105031248,0.0184610966707833,0.129740842842238,0.116682781361376,0.0282410474613613,0.0119211208176997,0.0296644194284402,0.125873370543147,0.0458250666677569,0.018723593388741,0.00949789039973368,0.0280776284286079,0.0407223426586156
"2014-10-16",0.122035553198229,0.122664961572433,0.142041010943323,0.00515539940015813,0.0212914662649169,0.131335387697062,0.119507016919552,0.0315669670516554,0.0100763496652394,0.0272697528001881,0.126143716882413,0.0373977083105704,0.01692778904259,0.0093502506594446,0.0320470576325521,0.0451896119596723
"2014-10-23",0.118644989523476,0.128482707137356,0.146249926772704,0.00599536814486854,0.0296062459032219,0.123379010460561,0.12413789202331,0.0443895032436104,0.00913465886407536,0.0209950568289406,0.12889414770176,0.027633498856756,0.0151556583241644,0.00981067565628107,0.0276236758521487,0.0398669847067656
"2014-10-30",0.116828069310434,0.125667721598126,0.144882711846266,0.00547707004334155,0.0307558289186553,0.130595403091591,0.121156533698939,0.0611405701721299,0.00896430907198981,0.017824366701988,0.131623305443893,0.0215509555022413,0.0131372343736091,0.0114098516585152,0.025074343179799,0.0339117253884827
"2014-11-06",0.107801381741798,0.116806047903535,0.145175764665628,0.00470616275900378,0.0372642501995352,0.133546104302276,0.117258388562043,0.0689012381193368,0.0109767641182487,0.0151488787222724,0.143110918554629,0.0179135410529259,0.0107542938445407,0.0125969518522026,0.0264362759236831,0.031603037678342
"2014-11-13",0.103512475424391,0.10492931081688,0.149496891206255,0.00448054908758382,0.0512541214125997,0.134344280732446,0.111595105912426,0.0747015161476229,0.00910441688074719,0.0150684695732981,0.143042228066567,0.0173279816478771,0.00998664633392539,0.0143276605690258,0.0295921183136695,0.0272362278746854
"2014-11-20",0.0974370724721831,0.1076455147767,0.1427642967577,0.00549990989449309,0.0682767060225391,0.127012744409907,0.113809329125371,0.0785501487452704,0.0072005448671617,0.0150035392817966,0.146075182245748,0.0162329573215625,0.00995547271478456,0.0145487883844387,0.0264026863159479,0.0235851066643965
"2014-11-26",0.0991436410052365,0.100444531880332,0.142212381295219,0.00633427834940978,0.0703197303597177,0.127773558461923,0.102345212182876,0.0956475747379471,0.00883624814894192,0.0154499815414138,0.142581923656546,0.0167643145154253,0.00984437949141339,0.0156795687064674,0.0286271370096489,0.017995538657482
"2014-12-04",0.108682307506699,0.0940750612958659,0.149032573144311,0.00612119371328752,0.06010942278551,0.129569925257365,0.0951129317687998,0.10206793883579,0.00847135859914603,0.0139295937721831,0.146248406101147,0.0154561671675298,0.0086885585584143,0.0187521734144149,0.0287096561986535,0.0149727318808829
"2014-12-11",0.107145173773087,0.08043396120931,0.138812533958737,0.00754596324773923,0.0754958543798624,0.120977807053444,0.0816068624589592,0.0957019579489274,0.0100770417833625,0.015217445103463,0.144527718540559,0.0154028426933746,0.00963718747190485,0.0239689471845582,0.0605336091936157,0.0129150939990959
"2014-12-18",0.115077040069603,0.0712048817454578,0.139210928150178,0.0107016163759296,0.073736277659294,0.132456780670462,0.0701746501185344,0.109231974673489,0.0120045880627215,0.01676630036078,0.151778736313328,0.0163531643503809,0.0100933675189706,0.0315939692681746,0.0288594133773374,0.0107563112853598
"2014-12-24",0.112132889127228,0.0554286681844326,0.136165903344403,0.0152514263356806,0.0837202172634308,0.139565621233931,0.0624059290397558,0.114600999911988,0.0127015974193602,0.0189194411690122,0.156774279451441,0.0177883406446831,0.0105519528609803,0.03767659430618,0.0135227775427769,0.0127933621647173
"2014-12-31",0.110884889245534,0.0464035657928541,0.135865950966518,0.0167238068264458,0.0823809648643037,0.141782934944003,0.0531612690960855,0.114890063251688,0.0148087019573284,0.0228276721893753,0.158241120123917,0.0196196712369884,0.0110375590304575,0.0468685195657954,0.0109939553716455,0.0135093555370606
"2015-01-08",0.108191159680739,0.0386030466075511,0.129204136619173,0.0196256482341622,0.102007804877531,0.132733302148516,0.0440327228067811,0.111738381863853,0.0168696277260908,0.0268581531952198,0.152333613861076,0.0219799652867963,0.0112137528803462,0.0442569858500013,0.0247767236504938,0.0155749747116694
"2015-01-15",0.101250931544431,0.0340175197178388,0.119909720841782,0.0316855640095524,0.115351649217379,0.131913926555176,0.037240249214461,0.110420236576665,0.0237608304877573,0.0335560484364062,0.146952026542067,0.0246831892497421,0.0118904703171266,0.0495622958782991,0.00885497985522907,0.0189503615560883
"2015-01-22",0.10212453457363,0.0335641357440411,0.125454609225354,0.0263133384159048,0.105619084745879,0.133226578519529,0.0365740370688611,0.118432454925039,0.0288896447636018,0.0226871338140779,0.149574781050816,0.0199714390579544,0.0130207296071298,0.0576860381434238,0.00641027205568031,0.0204511882890785
"2015-01-29",0.102828964599674,0.0334398512832157,0.122901367479749,0.0272175130645209,0.114013386392782,0.128435890289536,0.0353946948443979,0.1174765240656,0.0354676977971219,0.021059188175227,0.142821805448057,0.0174480362775547,0.0139427965003243,0.0566169000446713,0.0148525878545015,0.0160827958830676
"2015-02-05",0.0928259926367285,0.0338673458098457,0.117815409941481,0.0367060374580017,0.114801087241208,0.120376481572943,0.0359447474931513,0.114592046021092,0.0392400023971179,0.0196815521297391,0.13788903569489,0.0166934475093259,0.0210535166337726,0.0775428637467071,0.00764554590450647,0.0133248878094903
"2015-02-12",0.0900871461675411,0.0293044242745688,0.118265864752949,0.0166860245977324,0.121830884216789,0.132077525534849,0.0370456761630511,0.117649300147023,0.0450981040200461,0.0165840928487988,0.138849186029708,0.0139454146475459,0.0233647858553806,0.0751491936913454,0.010040674795848,0.0140217022568235
"2015-02-19",0.0868283092145771,0.0249037651558334,0.116578818740526,0.0208105183564251,0.124073122502938,0.123944843570603,0.0341914968261268,0.124294908640114,0.0526504444007889,0.0173495904589303,0.141039745998948,0.0147138253876733,0.0230058534702384,0.0722215794522497,0.00894293960133663,0.0144502382226914
"2015-02-26",0.091143274343777,0.0226595138560634,0.121026100197806,0.0215337628962096,0.122427181809229,0.13004203166573,0.0303669508085901,0.123265419661346,0.0609777226322198,0.0164928474912326,0.14588723588971,0.0132118973633901,0.0191796076196902,0.0653126666686945,0.0073894707518834,0.00908431634442718
"2015-03-05",0.0896171515627101,0.0208241377873209,0.118767848353852,0.0183815883062925,0.12236810933018,0.126809890099801,0.0314347771191265,0.122771660907036,0.0644946467750833,0.0162678411204903,0.144321900035946,0.0127442896967028,0.0214550842728188,0.0759484436856101,0.00612504167531448,0.0076675892717163
"2015-03-12",0.0922464041760603,0.0203093776350568,0.122238539554244,0.0102736170822534,0.134726231088891,0.130554681003057,0.0293044369086266,0.123885116986332,0.062007294103409,0.0172429666836749,0.144805298585681,0.013759279730183,0.0180646860912421,0.0640787349750701,0.00565086016974639,0.0108524752264725
"2015-03-19",0.08511958431935,0.0191396774977431,0.11194933307954,0.0108953403353824,0.129136868290626,0.128467529777435,0.0272736969650351,0.121410407067802,0.0735401023168671,0.019668609798176,0.142184825433394,0.0153536366082383,0.0198209216296364,0.0769238892895236,0.00500923748848233,0.0141063401027685
"2015-03-26",0.0846017656270582,0.0166667980053024,0.112798908368357,0.0166496251728082,0.119757771035123,0.109724928512182,0.0226597357329241,0.106483809160718,0.0917166242639069,0.0273193221803168,0.131098876992102,0.0192809151575594,0.0182251271948058,0.0513597250988176,0.00808194618799019,0.0635741213100287
"2015-04-02",0.0881932660753825,0.0159116287851844,0.115549982462037,0.0128146614275788,0.122187770612841,0.135391673125198,0.0240017959432301,0.107895804121708,0.097756677844181,0.0233892730705776,0.138175047984896,0.0147009202605648,0.0172616497605265,0.0529368593491983,0.00602543938599103,0.0278075497909048
"2015-04-09",0.0861029419769109,0.0157530906463293,0.115171255386765,0.0165690978896974,0.120587103489676,0.129110724305089,0.0236844740684838,0.11513379400191,0.0818884739455558,0.0154805961616044,0.146250466338462,0.0123871743310969,0.0197916831373727,0.059351994638277,0.00535999110099428,0.0373771385817748
"2015-04-16",0.0835100216549909,0.0162324332125623,0.109079286986587,0.0184205800687076,0.121597763719472,0.118929860663703,0.0232305427018686,0.111402025381207,0.113171822167695,0.0150549353752626,0.144924826928779,0.0120004759245026,0.0193965135171184,0.0504218483521967,0.00540352206550528,0.0372235412798404
"2015-04-23",0.0886005762367269,0.0166541131269036,0.114388539789496,0.0199976254576008,0.124911622039761,0.135664911680167,0.0243765170999479,0.107566443166637,0.0901678622020752,0.0109897244534124,0.149600406357918,0.0105870975145219,0.0205708192389159,0.0545697498472054,0.00522159619195791,0.0261323955967528
"2015-04-30",0.0794733840796481,0.0129785893922143,0.113328079052072,0.0178654774018755,0.122431280223078,0.129678782241485,0.0248441407753854,0.109738834823335,0.104511965615277,0.0112854844340155,0.137559393913449,0.0111131066615063,0.0214548658711688,0.0506762367120203,0.00688993889509119,0.0461704399083784
"2015-05-07",0.067518475398571,0.0149170146124048,0.095738179234871,0.021469084179017,0.121223072943774,0.132400479991325,0.0234746767945341,0.113602549320372,0.107969732142482,0.0120043272090988,0.141935092116718,0.0115131347596588,0.0230792515103905,0.0501088919608725,0.00692245900824433,0.0561235788176658
"2015-05-14",0.0668826842505974,0.0172739478496167,0.101847950858875,0.020415146879375,0.123944853366467,0.124955572395754,0.028526145628578,0.117651459063408,0.0951266415270362,0.0124366144323631,0.157226138573651,0.0113033777018767,0.0234401094383661,0.0595949061306,0.00577218607690058,0.0336022658265358
"2015-05-21",0.0703897013294252,0.0205573209672345,0.105123607966436,0.0199535631534493,0.119748347488279,0.120427259000407,0.0287906756520968,0.124906441478324,0.0722156147271404,0.0134208651613635,0.14921833488548,0.0121232886811212,0.0255829148451697,0.0586242508628923,0.00766480312682356,0.0512530106743579
"2015-05-28",0.0721405455835246,0.0256284813894996,0.105025100516408,0.0211217776815528,0.11684154296928,0.118372711714136,0.0361022184845005,0.131099316480128,0.0668126695703922,0.0135724183536334,0.146674336102389,0.0122022974726075,0.0287299825659228,0.0714037232222491,0.00580588883300213,0.0284669890607733
"2015-06-04",0.0664408613506431,0.0282887065708309,0.0993777601638774,0.0235633375357529,0.12841537461111,0.107293753781116,0.0379627536251527,0.124549446620886,0.0617754290266811,0.0152382059495925,0.14494360062465,0.014902193401315,0.0350215951817192,0.0736113724950667,0.00608398089256075,0.0325316281690454
"2015-06-11",0.0692480661047017,0.0296469756027504,0.100555113026614,0.0251494895456704,0.11885480492287,0.112805015189759,0.037597328938837,0.118915144783559,0.0448060166307683,0.0177570789121659,0.145240703013572,0.0166167018018811,0.035494236858552,0.0733264207435879,0.00860779494776206,0.0453791089769505
"2015-06-18",0.0704770827473516,0.0337826074790468,0.106687843134354,0.0213912598058611,0.112046472397341,0.115469273430296,0.0473756134548513,0.11581435083078,0.0359274936839853,0.0206008022254104,0.149992246986652,0.0179614663950052,0.0379517799122822,0.0760461985453388,0.00756617996905976,0.030909329002386
"2015-06-25",0.0733637259017518,0.0360851038667786,0.10156993873325,0.0214271901406155,0.107279276897262,0.120157101002411,0.0535580773867107,0.113582507234433,0.035779558244595,0.021558769318372,0.143701856319978,0.0192359488850977,0.0393977046266654,0.0777049414110191,0.00657006280892602,0.0290282372221344
"2015-07-02",0.0768853207641319,0.0409547969442519,0.106619583121188,0.0227779636378273,0.102999099164594,0.116877739767468,0.0525913476150582,0.110274073295232,0.0327801798294823,0.0222546303571758,0.144824131896503,0.0195892500373534,0.0403414874181201,0.0759313219396482,0.00787328374996813,0.0264257904619981
"2015-07-09",0.0795699408743836,0.0425405805667965,0.104356384380878,0.0213496363094362,0.097927740550111,0.125002863331091,0.0533942466890136,0.110388083615079,0.0338486866519513,0.0236612600465302,0.138849039889311,0.0202699033376953,0.042613992845527,0.0769380447032725,0.00681144880087647,0.0224781474080466
"2015-07-16",0.0778438202569237,0.048609368338477,0.0984415902992585,0.0212567012892893,0.0935659925023462,0.122561893760979,0.0638374833100407,0.110143327453486,0.0353650898347978,0.0238028158456995,0.140564153216735,0.0205211072912745,0.0399781919559086,0.0734188214550153,0.00652743051136859,0.0235622126784007
"2015-07-23",0.0770628711904103,0.049558913071166,0.095477381262645,0.0200542346614603,0.0985508134817473,0.125207156535165,0.0614497487822741,0.112675645676507,0.0354459946138495,0.0238875752678572,0.133341303552758,0.020563405589592,0.041386635745882,0.0728172993128175,0.00813539828606715,0.0243856229698015
"2015-07-30",0.0770979525074384,0.0522721715008426,0.0923914028770266,0.0240109219364312,0.0950458405768442,0.122347561625922,0.0624481351697388,0.104257504183398,0.043539496023461,0.028483195116228,0.131250030993041,0.0218462309216813,0.0390388921920887,0.0689824931238323,0.0074320093244903,0.029556161927535
"2015-08-06",0.0747096910727815,0.0562360374372129,0.0909411021427879,0.0226590268836952,0.0921988718826875,0.123194625190257,0.0632196613337265,0.103899384808554,0.0424772992763617,0.0293965836183994,0.133338840535247,0.02418689589219,0.0395151641206362,0.0705299162076168,0.00839454646071598,0.0251023531371306
"2015-08-13",0.0763246144202523,0.0596475259514758,0.0864124245138547,0.020471338717971,0.0884761749664524,0.11856097843124,0.0719607672626581,0.0966469958908839,0.0459527433237298,0.0328545951931927,0.126804831867362,0.0252439543477375,0.042696693712956,0.0692769873109071,0.0100401255321994,0.0286292485571268
"2015-08-20",0.0735325405303319,0.066903737176451,0.0774492323151272,0.0219997862253999,0.090374161562311,0.120884668933076,0.0763810284080232,0.092763570727106,0.0463279228188352,0.0333971318885456,0.121760398884677,0.0253611128815823,0.0418355330521901,0.0657884326746386,0.013820299120024,0.0314204428016812
"2015-08-27",0.075299307935925,0.07034779230909,0.0765956138008042,0.0237903482129172,0.0863561186867921,0.112076764888931,0.0809169282844139,0.0901879905381608,0.0548177739978437,0.0342473234729859,0.116388973541531,0.0247207064349924,0.0431978628129863,0.0668193029059437,0.0146801004302398,0.0295570917464433
"2015-09-03",0.0849962387365332,0.0763337403907581,0.0768204207499713,0.0237146450546943,0.0859464341829111,0.114082990889987,0.0863963673494312,0.0811399048739001,0.0551083461477689,0.0306381224271586,0.110133113840838,0.0235005286789746,0.0386246156232501,0.0642486641144114,0.0173973099584041,0.030918556981008
"2015-09-10",0.0878445682902749,0.0812554892992145,0.0785694273400287,0.0213828677980719,0.0829321765657987,0.119396965723135,0.092890265327071,0.0726783283889544,0.0584304145969611,0.03078024221707,0.107897882747182,0.0226961739570775,0.0342524650046165,0.0578993991064926,0.0204822355283443,0.0306110981097072
"2015-09-17",0.0970616927029575,0.0873094936630376,0.0823975420145366,0.0186518832543137,0.0904457012174623,0.127079408677356,0.0972326744484425,0.0651728149399688,0.0518158830735953,0.0295149177505577,0.108461137366463,0.0221504720462161,0.0290666883481718,0.0507758537498984,0.0152685171415107,0.0275953196055125
"2015-09-24",0.0984329725057683,0.0894926067744543,0.0774721681068459,0.0194742078072313,0.0804949509120754,0.128492685797197,0.0974330441742481,0.0666029391935316,0.0588438059837691,0.0302063423205269,0.103700705652849,0.0219301179795504,0.0277756943072596,0.0520705195984208,0.0174385002647282,0.0301387386215442
"2015-10-01",0.100826650681922,0.0904735709580834,0.0795469357092678,0.0160147766352977,0.0801364477985768,0.13962552941932,0.100995536623424,0.0632105949536005,0.0537113277426327,0.0312711910320843,0.104786064285002,0.0242864622532651,0.0264370994352731,0.0526353820923852,0.0152823459552296,0.0207600844246367
"2015-10-08",0.102735342719661,0.104045921150952,0.077523221346767,0.0141008308525522,0.0637790308607046,0.133055651167767,0.112019675474293,0.0663735652413334,0.0530990642649153,0.0282326593834184,0.100890621207118,0.0236298049641627,0.0314864559700771,0.0529039510202896,0.0132902014461724,0.0228340029298172
"2015-10-15",0.09354283066764,0.106884709838901,0.075378157930186,0.0116610598631756,0.0625915673084625,0.136572981079368,0.124318005745723,0.0674350820306864,0.0520605724621178,0.0262550336678617,0.100575618407302,0.0223954674025446,0.0322760754624465,0.0522053244197776,0.0159844363184474,0.0198630773953604
"2015-10-22",0.0914992323092503,0.11508292860811,0.0730667820153053,0.013238999176543,0.0568624528425654,0.123521673060432,0.1237639670181,0.0719814390382286,0.0444604004896268,0.0278934227736687,0.0929052015860339,0.0293504475342404,0.0403491926552829,0.0631747904363114,0.0145985973140396,0.0182504731422621
"2015-10-29",0.0887621406035207,0.11143492217184,0.074253125600232,0.0141106362131016,0.0556520738888254,0.117848824941007,0.123371814968778,0.0772753857180501,0.036529968193406,0.0262036073041847,0.0879890440491162,0.0359703794880516,0.0487944118164412,0.0696765785208012,0.0146122753546542,0.01751481116799
"2015-11-05",0.0997795943618905,0.114335237717955,0.0727879155633802,0.0109386831338991,0.0557251594875503,0.116366714144883,0.127345550135355,0.0728803647963237,0.0337930049921185,0.0256027512914833,0.0885088670243917,0.0350998167706031,0.0464011740153676,0.0685845129693884,0.0144927942305906,0.01735785936482
"2015-11-12",0.105925956103734,0.113903061167431,0.0746518455580018,0.00897156866728837,0.0524071281880747,0.122916061753821,0.12566811190546,0.0719284874304063,0.0341574558056642,0.0255004157209817,0.0909568967323108,0.0333115566047343,0.0423582023341401,0.0621625332503899,0.0156687813021741,0.0195119374753867
"2015-11-19",0.102243257730701,0.118703574027731,0.0740967230094211,0.00669684207981253,0.0515998354103877,0.129207484148077,0.126394921308,0.0675512952469347,0.0338252744133273,0.0263961505369906,0.0881430306420331,0.0329536382592703,0.0430123469987479,0.0603075883125654,0.018008664539096,0.0208593733369033
"2015-11-25",0.101402061521595,0.120219514170551,0.0707524353765315,0.00563021821641329,0.0498889443642522,0.128666296858378,0.128879966193589,0.0634154799318339,0.0370319539822958,0.0297430111828583,0.0871140517709681,0.0345523531254755,0.0396638359031738,0.0593223936228774,0.0187177979544373,0.0249996858247702
"2015-12-03",0.104067379731882,0.122366379917079,0.0727827891988962,0.00575765368446119,0.0469467752127283,0.122766716109404,0.122331976780947,0.0614902532770308,0.0410536583846583,0.0320628580223589,0.0871805839162439,0.0362477138714258,0.0389913680688264,0.0543003207176091,0.024291149531711,0.0273624235747379
"2015-12-10",0.101253383479424,0.118550201610752,0.0667420269160732,0.0051616179901615,0.04660557549947,0.121103121164103,0.122769756011282,0.0648269023001557,0.0401501734840133,0.0373903836094947,0.0939689864362371,0.0377240341580703,0.0388867485446309,0.0555409548109838,0.0203040835237281,0.0290220504614208
"2015-12-17",0.109337009633172,0.123709062880697,0.0795971707765425,0.00482066159679452,0.0483386097154251,0.116096008523671,0.119543709216477,0.0599745170359675,0.0346045266390949,0.0360633960878168,0.0896591711401332,0.0388532569085824,0.0365352943910656,0.0533991845164579,0.022064224979778,0.0274041959583244
"2015-12-24",0.112668028041578,0.129102986956219,0.0740165123430004,0.00457285039748839,0.0510688419902335,0.110083135078745,0.116483570194551,0.0578682207798181,0.0389046517402835,0.0354517630407056,0.0972135323414019,0.0391618358861896,0.0344009288585341,0.0504023942426805,0.0205950632482347,0.0280056848603369
"2015-12-31",0.101588614991566,0.116085945646977,0.0693778981229822,0.00425130669565791,0.049562349471381,0.106423028241424,0.119135169578132,0.0645641332817245,0.0392677205127346,0.0411751538726041,0.102408362367172,0.0446801292589833,0.0352039519092922,0.0515323754494288,0.0240754993251252,0.0306683612748155
"2016-01-07",0.10191378907511,0.122701649824572,0.0674048978107802,0.00553191934944681,0.0493650068477349,0.0997103236209048,0.118977105090268,0.06229367419897,0.0408478893309161,0.0412899445787012,0.0961525826329258,0.0452058958914492,0.0339272371594676,0.0505540766045198,0.0271752654540354,0.0369487425301978
"2016-01-14",0.0981429659843266,0.116207164278083,0.0653826481877233,0.00481950644909271,0.0498959277576252,0.103500770711709,0.12119063604515,0.0637826332616236,0.0437476967506663,0.0438156242242675,0.0983225079152201,0.0488857043516607,0.0335101185853456,0.0500163609010246,0.0264413010849054,0.032338433511576
"2016-01-21",0.0937833411045433,0.114634972269005,0.065874723286896,0.00588909331025122,0.0471855096930158,0.0968612211689945,0.122030860199409,0.0599321027451367,0.0444891065027363,0.0475017840446729,0.100579298611378,0.0439607473343023,0.0344161394340656,0.0490697478696693,0.0311971197603475,0.0425942326655763
"2016-01-28",0.0929779985278494,0.119322170179858,0.0663909466239848,0.00721637875462348,0.0480237083112742,0.0956656916162131,0.120209441569107,0.0608069966588847,0.0477623691327442,0.0498836150998141,0.0970768362307988,0.0366502584280628,0.0367697297849746,0.0517771744679912,0.0299296772222989,0.0395370073915203
"2016-02-04",0.0857413190654644,0.117133114323612,0.0532035240063777,0.00784396590068378,0.0517940295174689,0.0915767681779115,0.1178695561527,0.0632874823630708,0.0556061588086934,0.0495796159482085,0.106395053910666,0.0287061539873202,0.0398853062279507,0.0534835265638105,0.0329002787852687,0.0449941462607924
"2016-02-11",0.086683183611309,0.104120462254024,0.0486418226828269,0.00947828186253853,0.05681457011629,0.0839326853831473,0.116495781899215,0.0664957755034231,0.0635268602239805,0.0490082249844821,0.0872841346911545,0.0342692690881782,0.0439800815280741,0.0591122273443745,0.0414980728578118,0.04865856596917
"2016-02-18",0.0721222779175137,0.0935813972181452,0.0481859512659996,0.0129232537574549,0.0682232020404896,0.0747091601392863,0.100634181507739,0.0832836951683293,0.0629557947435473,0.0449442907148954,0.0749925958695809,0.0388331852505878,0.054955816883907,0.0756330599175886,0.0458604729863319,0.0481616646186033
"2016-02-25",0.0628536186142058,0.0919329757929746,0.0438409649069794,0.0172246126417927,0.0671620309285182,0.0686437701027681,0.102355505124934,0.0839046161757922,0.0649273899184184,0.0518636220082033,0.0675202206100241,0.0411171346955028,0.0570878843796394,0.0752644413930165,0.0499859922648894,0.0543152204423408
"2016-03-03",0.0553765637312254,0.0829644649493488,0.0440607032433558,0.0182894075123474,0.0745215470204772,0.0628805935877993,0.094184479175317,0.0837258464275344,0.0666759919411917,0.0597417015856869,0.0657467431520854,0.0447362412800283,0.0608168784232955,0.0777059269040945,0.0524224292924614,0.0561504817737509
"2016-03-10",0.0531285349965737,0.0726319631232686,0.0436186203968012,0.0192409552281289,0.0860406160125134,0.0577287938817325,0.0795690874398627,0.101262595136457,0.0597143091360005,0.0596576353838304,0.0673023038652048,0.0389491852542319,0.0657597690835088,0.0873548506937152,0.0523142717075639,0.0557265086606067
"2016-03-17",0.0408958314870785,0.0568577373487039,0.0427445036188051,0.0218423006029015,0.0860633259566383,0.0453260385382847,0.0617844973225931,0.0998005310345875,0.068362614122799,0.0758798971582562,0.0616644460170175,0.0434781669372256,0.0783240873559427,0.0913314660445627,0.0606157731484393,0.0650287833061643
"2016-03-24",0.0396811318681046,0.0482898407198906,0.0427458659662944,0.0251793356247543,0.0884808042133281,0.0403192922628838,0.0507533863878403,0.104408889027443,0.0686946370458643,0.0736326779512192,0.064625697829989,0.0499257150057826,0.0760814442600347,0.0942308046895419,0.0624356441165493,0.0705148330304798
"2016-03-31",0.0390464471945767,0.0404754824670005,0.0475817445365443,0.0294531753495126,0.0925414248515909,0.039282169623317,0.0426265069156708,0.109781240408232,0.0722369071358503,0.0649272074836788,0.0678812544680746,0.0399087180003262,0.0779103124672273,0.0974969163703969,0.0672130380650488,0.0716374546629522
"2016-04-07",0.0405474440342026,0.0372958266431309,0.0553268874802637,0.0273442756927098,0.103415767474754,0.0387039294444131,0.0392791667693517,0.121322088941853,0.0620989900020507,0.0517513720946959,0.0736435528406954,0.0354181985122155,0.0823324199453552,0.107481877450112,0.0619461826483823,0.0620920200258141
"2016-04-14",0.0417097331172513,0.0364123747609293,0.0637044554216609,0.0285561280863799,0.108751941116915,0.0377403328616817,0.0342077883429382,0.128084029744137,0.0563874143849605,0.0408049888264222,0.0789634105083759,0.0355443129364839,0.0832896416219177,0.110178831937345,0.058191451083646,0.0574731652489555
"2016-04-21",0.0419274072768798,0.0364173994639359,0.0673301722283158,0.0289153464380443,0.114296852715243,0.037594220068261,0.0365556555123269,0.127143548895709,0.0516003604057654,0.037937046230976,0.0844261031973466,0.0343583062772169,0.0821241479231289,0.107579862811567,0.0591294847380633,0.0526640858172196
"2016-04-28",0.0455145296621886,0.0358795923702224,0.077159810655485,0.0312081930085307,0.111482262314835,0.0400238752555361,0.0346947440986815,0.126405837109635,0.0494133466626685,0.0351476450296522,0.0884301568461967,0.0316676207867555,0.0781121618797476,0.106993867443275,0.0555947932505424,0.0522715636260472
"2016-05-05",0.0520186247368838,0.0362379484986847,0.0743969437137392,0.0279704018033054,0.115594714123096,0.0456934440029941,0.0332403775654575,0.130763585235956,0.0452042319103483,0.0324857348411246,0.0934750320927971,0.0271303220787997,0.0774041599450345,0.109859568632183,0.0528337335998144,0.0456911772197809
"2016-05-12",0.0576483279072329,0.0396848187547707,0.0757225715839753,0.025800138741415,0.117540249869018,0.052758342395621,0.0356814278976154,0.135128198472834,0.0385381404353892,0.0276094851495624,0.0949968019856549,0.0262001743771527,0.0785444401767407,0.111601187728104,0.0426607081155294,0.0398849864093834
"2016-05-19",0.0621328205963537,0.0451021534045177,0.0774763753524819,0.02573312097938,0.115432963180937,0.0545226602919945,0.0340972265620801,0.133859480371378,0.0390689726183943,0.0267691127692887,0.0941818485506388,0.0262524843093448,0.0783500247128271,0.105640481695306,0.0418946967140943,0.0394855778909835
"2016-05-26",0.0637404371649059,0.0442679172567821,0.0784871805671614,0.0257547194907977,0.119684561331837,0.0580913579039138,0.0361501220424063,0.134569023293683,0.0349536553097946,0.0246765874419263,0.0954640921153705,0.0239126403454803,0.0744815384340397,0.109060234423495,0.0394220265662703,0.0372839063121357
"2016-06-02",0.0641492131903015,0.044284058301327,0.0859604330703509,0.0270425806005952,0.118952051119778,0.0621847136792035,0.0376079328400702,0.136422181921442,0.036646225650989,0.0230038210461233,0.0907664676138324,0.0214735168398519,0.0699131255254365,0.103561596878053,0.0397937691626015,0.0382383125600431
"2016-06-09",0.0742445990901897,0.051201309544536,0.0826592378591202,0.027774972071253,0.114645471770852,0.0673534706060981,0.0449481302573627,0.128005133167527,0.0331021454726643,0.0224471308670816,0.0963648426999009,0.0207910224093084,0.0647493073691885,0.100265228147072,0.0364306068481839,0.0350173918196625
"2016-06-16",0.0727298223326765,0.0521889982567396,0.0849622757667085,0.0237456698418532,0.123874193372524,0.0650645387058389,0.0482988063806118,0.130943310748844,0.0312600187251904,0.0216373270422109,0.0918038815045374,0.0201513004909477,0.0659285810933205,0.0972059532202325,0.0370960707573145,0.0331092517604495
"2016-06-23",0.0792991897308788,0.0571124731475231,0.0832220303005836,0.0220412327332529,0.115850748989385,0.0689068568083138,0.0508635666161684,0.125093505664401,0.0295531827754882,0.0207653582569851,0.0942323361230458,0.0202618851725565,0.0668690304164396,0.101611992294768,0.0340820466389626,0.0302345643312476
"2016-06-30",0.0866072586223812,0.0662617553592217,0.0820025146841354,0.019259649043687,0.115698327490099,0.0791236984877011,0.0578856031376387,0.123083917907672,0.0252167532432505,0.0177286838694042,0.0968227964094282,0.0198178215541796,0.0615520793061818,0.0938131015239285,0.0283713472169036,0.0267546921441876
"2016-07-07",0.0885740338424777,0.0690709269161884,0.0818077535593258,0.0207000002981649,0.113740021776306,0.0800030870697382,0.0636244727115282,0.119663961769983,0.0228418782755936,0.0178157565734908,0.0943901717535756,0.0227698868275278,0.0610141887056902,0.0920016618245035,0.0269874916816316,0.0249947064142748
"2016-07-14",0.090630248399335,0.0698220462604909,0.0809994176137494,0.0237634959703887,0.115245906455463,0.076932334191384,0.0661564513281674,0.11521458197372,0.0228088436200023,0.0177273353724158,0.0982646122328814,0.0247034413075183,0.0584269294188916,0.0905826236094487,0.0247200454046584,0.0240016868414853
"2016-07-21",0.0909524411956382,0.0755281672474618,0.0825251741167763,0.0205646725356184,0.115946978231771,0.0844813250862499,0.0780133255329103,0.110326133041903,0.0205288822050147,0.0162564078943221,0.0930173084095745,0.0274832696263068,0.0546155078046832,0.0897509909957889,0.0203237481022043,0.0196856679737774
"2016-07-28",0.097755152605956,0.0759279089848264,0.082651528166164,0.020068289696431,0.112035732395631,0.0810182215364482,0.0743629176126737,0.113822006191006,0.018112544690036,0.0163231093417401,0.0923082906103549,0.0281335101349297,0.0573336936698213,0.0914359257726239,0.0194251166185484,0.0192860519728103
"2016-08-04",0.0926203157223893,0.0815834597657231,0.0825421945340764,0.0217360938581238,0.1138523329706,0.0810920999181628,0.0777242689339603,0.112939859288317,0.015559573407828,0.0144424286338541,0.0956929037703754,0.0279553996232145,0.0595099880716108,0.0887215770358666,0.0172235425366143,0.0168039619292842
"2016-08-11",0.0964690159328228,0.0895423468477439,0.0794551227887264,0.011959074660403,0.113993040010413,0.0908040163149827,0.085625596520899,0.107191254975511,0.0143083133665603,0.0157330428183237,0.0953499823541592,0.027587372617927,0.0530703895132804,0.0886760377297457,0.0154939456938099,0.0147414478546929
"2016-08-18",0.101778588884493,0.101284875690575,0.0793546595798565,0.0117945303806201,0.110945226615338,0.0943988451958333,0.0875748893369194,0.10430246835341,0.0123799742205302,0.01472352305553,0.0936613266356359,0.0266017614927104,0.0492495225920902,0.0848771398789379,0.0139717244084741,0.0131009436790461
"2016-08-25",0.0948203006171051,0.10000221649735,0.076537780417002,0.0118656368321177,0.109203322414125,0.0874633960573548,0.0921458643238673,0.10830297032542,0.0105485859977705,0.0118117442605385,0.0920250689927885,0.0306135609454362,0.0603989619863071,0.0913117791383476,0.0117040842351446,0.0112447269593245
"2016-09-01",0.100840262610718,0.103470427301977,0.0725033215108713,0.0105195220019101,0.113877705122212,0.0961486287536342,0.0982604690988627,0.105938355147439,0.00954658026134699,0.00995753560827789,0.0911370180131545,0.0227116498877091,0.0580592877447485,0.0864970879136222,0.0107959637352646,0.00973618528825113
"2016-09-08",0.102633791191725,0.107808293418227,0.0754725414536263,0.0102401639734694,0.109930997116249,0.0978010233764202,0.103496110388969,0.105740270631923,0.00898574899440211,0.00986526082163219,0.096181242224753,0.0197668149283215,0.0462653755971879,0.0858155249057572,0.0104331477671656,0.00956369321017086
"2016-09-15",0.0994763275339553,0.116161038310501,0.0740073812376131,0.0103766343184837,0.110805244395655,0.0902856539560386,0.102057817405338,0.101647709913999,0.0090876507939564,0.0104872753151731,0.0926096941592598,0.02073213642157,0.0572963870088764,0.0851023749075842,0.010305181104048,0.00956149321794732
"2016-09-22",0.0971510956738625,0.117322248603859,0.0722427367906989,0.0114338199761591,0.105491689167251,0.106565600641196,0.110144194296581,0.103527309757056,0.00791969163097718,0.0104489986818967,0.0939348435661522,0.021198398215963,0.0444190176786651,0.0803036416897859,0.00932090062192776,0.00857581300796889
"2016-09-29",0.106601050803712,0.109476033713687,0.0754368645888418,0.0120946349469674,0.109544909836752,0.105223751586717,0.106915997885503,0.0978684794980433,0.00740533511481095,0.0105709196301063,0.091901803933944,0.0231271691193957,0.0468305762129032,0.080671976551636,0.00871981882748318,0.00761067774949791
"2016-10-06",0.0961666342891743,0.120256973950477,0.0760636543226622,0.0107075052356307,0.11264151350366,0.100416395894507,0.100067168119691,0.10303432651343,0.00703608951775652,0.010576471103173,0.0940038906658933,0.0236615290001593,0.0516501883681043,0.0788197979472762,0.00782773645387191,0.00707012511453247
"2016-10-13",0.100579564284645,0.11818701678126,0.0716140555281481,0.00779934251800123,0.111694688349891,0.102664212831446,0.10888522741976,0.0989951562561446,0.00592036623276574,0.00904642044797608,0.093997522486107,0.0211268685355374,0.0554080604461317,0.0814399924686442,0.00673282494145727,0.0059086804720845
"2016-10-20",0.104143019768376,0.135279006027176,0.0708785441980303,0.00770137847550789,0.107769044791092,0.107447812485203,0.108080701739883,0.0851611013097876,0.00519699841312444,0.00987666128797651,0.0849077698675254,0.0272558247127626,0.0602506433082714,0.0747235858369436,0.00599226560623439,0.00533564217210517
"2016-10-27",0.10338564132953,0.131352605610392,0.0713540184833446,0.00678972019808097,0.0926719357657282,0.107608528919244,0.112147122752659,0.0821426170614346,0.00572277328051271,0.0124134409302664,0.083967625797377,0.0499347567860132,0.0627150009883817,0.0674804426087496,0.00512505024541299,0.0051887192428735
"2016-11-03",0.101858988349128,0.125001864408013,0.0691066632563418,0.00674536396175676,0.0971455191005822,0.104514386424846,0.110645073184503,0.0863119737375894,0.00577985265340271,0.0128154927985538,0.0840655034419198,0.0449280246319462,0.0639677408546869,0.0767131373173609,0.00514038095861285,0.0052600349207564
"2016-11-10",0.0851209114899204,0.127517158695825,0.0592389813410351,0.00652838629186207,0.101651503286202,0.115155033238864,0.111185881344358,0.0863966294234734,0.00635938150929971,0.0175466455497608,0.0925145170321959,0.0441014084382717,0.0619553402280311,0.0731670216223025,0.00574194266594707,0.005819257842652
"2016-11-17",0.073830703978068,0.105583637892754,0.0553042200161986,0.00786145912611612,0.105156641457066,0.105055401459352,0.0751812871157346,0.0910850498697141,0.008780516021138,0.031198131680494,0.090512019040929,0.0713324685177017,0.0768927265908155,0.0865558073767874,0.00774026831991346,0.00792966153721722
"2016-11-23",0.0747602130571622,0.0980622199035555,0.0586629474023284,0.00585231916323046,0.106970107739337,0.096903293872156,0.072107973144649,0.0976456778905281,0.0102318242757962,0.0326250582193679,0.0981649954011002,0.0692975493497712,0.0754394804197689,0.0871890492386465,0.0061599962992409,0.00992729462336168
"2016-12-01",0.0721050078909792,0.0914612383959695,0.0644759170231129,0.00625150591581708,0.101013048763831,0.0943767175946165,0.066083634705622,0.10046401086171,0.0129853745297316,0.0364079939618317,0.104509075050291,0.065989044705956,0.0766402200204253,0.0887738618977774,0.00652608204441482,0.0119372666379134
"2016-12-08",0.0731229016944512,0.0859359133618997,0.0714414583023608,0.00570213723658372,0.101755968036786,0.0879494074588549,0.0621410169716693,0.100141133320481,0.0134904856769254,0.0365474169169547,0.108071770523583,0.0616528512770704,0.0769917182369184,0.0948960539626316,0.0081096775283877,0.0120500894944417
"2016-12-15",0.0672393970831254,0.0773563979160104,0.0680527963553463,0.00648201470589406,0.102273592800462,0.0810602863665604,0.058200045700453,0.10413341869898,0.015067597502722,0.0379774955181346,0.107684223765594,0.0713017189443269,0.0787246428947832,0.0998437414491144,0.0106920717603067,0.0139105585381863
"2016-12-22",0.0599776727823596,0.0714977408827928,0.0751357994598502,0.00660092776605367,0.096795765527944,0.0743221421062879,0.0502851765428857,0.0981045848241822,0.0212242269069199,0.0494507053723742,0.107191695292577,0.0752845493056406,0.0812392262241693,0.0930027843731069,0.0194083440789069,0.0204786585539487
"2016-12-29",0.0557213696945379,0.0582421812711872,0.0753778540452494,0.00840162733415761,0.0943556528359384,0.0658670402870638,0.0452470539443195,0.0961676625765095,0.0369060041136255,0.0567803007648584,0.0958593446964702,0.0757128189842781,0.0764156077233368,0.0895137001139986,0.0321476423199359,0.0372841392945333
"2017-01-05",0.050042937441504,0.0463538331387047,0.089442037041438,0.0104491532753445,0.100516206958619,0.0541051931490322,0.0375820259149549,0.0813825030778252,0.0665574547895271,0.0515283908546349,0.0848760688983062,0.0584975292727692,0.0603141821931596,0.0754014654028434,0.0659224642690687,0.0670285543222678
"2017-01-12",0.0373155491567538,0.0351998431753655,0.0771859831829803,0.00932128599288371,0.102034516991735,0.044264749642877,0.028421413686813,0.0822939832336314,0.0803525293140995,0.0602358859523846,0.0866043636980566,0.0604832378949314,0.0660630370128506,0.0755379076642472,0.0754122014147106,0.07927351198568
"2017-01-19",0.031699593797295,0.0304835402124347,0.0799221209944404,0.0132953227584425,0.0959975899369011,0.0362673715944549,0.0231670002780632,0.0852813189776845,0.0783791351024459,0.0618649364306132,0.085611654443963,0.0729444629436939,0.0645035044500707,0.0841861538253753,0.0776467977148678,0.0787494965392537
"2017-01-26",0.0328841766681575,0.0264898918804661,0.0871671374803336,0.0113982177488641,0.0940987360102834,0.0340265817943173,0.0190233519863841,0.0828629386015673,0.0818865315458012,0.0594489848157716,0.0862638725114546,0.0615161790850922,0.052522570671139,0.0767310865132005,0.0996968580894576,0.09398288459771
"2017-02-02",0.029497076565358,0.0222719769294265,0.0927884831371251,0.00992369569047745,0.0849383138652019,0.0314792561856216,0.0158987184535016,0.0903645887422417,0.079201981910369,0.0583705131572326,0.0853311621205471,0.0643566619600677,0.0626343584038424,0.0854438082869483,0.0924726175866737,0.0950267870053652
"2017-02-09",0.037306184146789,0.020245721804979,0.08188361779246,0.00860613066020106,0.0971796053976374,0.0331060429298894,0.0144363799058468,0.0858658756439312,0.0854089757317772,0.0580195683478314,0.0968742751031087,0.05918262635653,0.0657314732083063,0.0778945438834323,0.0973352555879383,0.0809237234993419
"2017-02-16",0.038795121430192,0.0169901726653839,0.0759444373101942,0.0144502331203183,0.0851091285387272,0.03706033816846,0.0121021977951748,0.0858453136445741,0.0729275197697752,0.0590272883352563,0.0911697611000298,0.0711807576528062,0.0663175840973148,0.0871938080677845,0.105223810075749,0.0806625282282594
"2017-02-23",0.0457182591536989,0.0147723012064443,0.0680361467250849,0.0122077303254729,0.0922584636678077,0.0445517892851599,0.0105712714122366,0.0953718295091666,0.0726348655444099,0.0613335444867487,0.0858233366151234,0.0649354019712912,0.0696552626863485,0.0898134116723421,0.0899566098210766,0.082359775917588
"2017-03-02",0.0680461898650231,0.0144435843594822,0.0829095643174491,0.00737383410986006,0.0903228931266975,0.0462886992602945,0.0100648090432986,0.089416152500309,0.0677948385573981,0.0532877453358869,0.0883808395394553,0.0694499608180404,0.0718781795112424,0.0858858702330599,0.084999051032658,0.0694577883898451
"2017-03-09",0.0601453222029005,0.0125691406908206,0.074852903396457,0.0125191576687867,0.0890248859132074,0.0637468103871477,0.00953947969165186,0.0915616228495871,0.0739469191163817,0.0592119635457202,0.0755167882251503,0.0643342958539831,0.0654274635956265,0.0830422815124568,0.0866035383460814,0.0779574270040411
"2017-03-16",0.0595510197428247,0.0111248659307381,0.0620528756883762,0.0075419424780492,0.0698942390620232,0.0751365537191349,0.00887884492927911,0.0748322394069639,0.0722479568538261,0.057275152888306,0.0759791892236715,0.0753817464716769,0.0752064321661509,0.079675442666624,0.0968138504264398,0.0984076483459153
"2017-03-23",0.0559980100815313,0.010314980557058,0.0649959550932606,0.00580321801334921,0.072267617821416,0.0879366784667708,0.00862985026846078,0.0765008084643382,0.0721666973550403,0.0597227873868791,0.0815674256621115,0.072292513819272,0.0752960398113427,0.0732205069567676,0.102210727155017,0.0810761830873845
"2017-03-30",0.0548170702453608,0.00970648819829474,0.0671214427868303,0.00797380950228575,0.0865789104206628,0.0803141875963448,0.0078409566003988,0.0753839822758982,0.0733340359308501,0.062355310202584,0.0814215301541621,0.0614576221100211,0.0711464283124981,0.0794799647627641,0.0929583601203085,0.0881099007807357
"2017-04-06",0.0526186781993355,0.00838195916549069,0.0629571745576545,0.0123872974667708,0.0743588096937813,0.0703769327781207,0.00677848566424486,0.0792423395858124,0.0869832368230577,0.0717629292849536,0.0688016122730217,0.0741939254855361,0.0702051898389116,0.0690729794454881,0.0982483809408554,0.0936300687969649
"2017-04-13",0.055199508948848,0.00927047512017271,0.05787366270988,0.0265869774548103,0.078328467696399,0.0693301797064737,0.00687440808359841,0.0770258415692641,0.080983552784127,0.0685256940971551,0.0757500839928844,0.0699531209210046,0.0735006832963451,0.06837863352135,0.0935303753109965,0.0888883347866908
"2017-04-20",0.0507130472741598,0.00824633704306923,0.0573695232233597,0.0174431997373546,0.0662367969609806,0.0708194141222062,0.00652253306282424,0.0781277808698487,0.0835760373102307,0.0740664352126724,0.0712174313859296,0.0638817941170176,0.0708618610731843,0.0713759370701797,0.114486942422351,0.0950549291146313
"2017-04-27",0.0527301679179098,0.00882028596764983,0.0568863076783647,0.0112655982165828,0.0690257959928617,0.0825622704905914,0.00665351477280926,0.0754125812515002,0.091459407929799,0.0651267913337667,0.0778066678423104,0.0607678492123114,0.0660201829601161,0.0705165522731654,0.102481302928741,0.102464723231521
"2017-05-04",0.0562906867662548,0.00900299513197732,0.0569895214217609,0.0167828617675908,0.0908489641168423,0.0690701563291891,0.00647468571805288,0.076877495073509,0.0832647257861945,0.0720761250256659,0.0655735919475305,0.0619152036896522,0.0733314129698629,0.069412305494534,0.10617630801372,0.0859129607476627
"2017-05-11",0.0415048330779047,0.00819966035362265,0.0389615928826191,0.0232520099202727,0.075645322827094,0.0729482450704281,0.00713475382076278,0.0736162801697711,0.0939653405779088,0.0741101369447671,0.0680602862998263,0.0676506069227083,0.0692290405798002,0.0704798683821477,0.106444015322237,0.108798006848129
"2017-05-18",0.0518741628204405,0.00920587302615597,0.0466792986773391,0.0260494372524723,0.0758871337702835,0.0729077886574996,0.00814470827927772,0.0693122709624073,0.102079420640282,0.0728545640678673,0.0612386154593563,0.0635853318551022,0.0596497840038951,0.0630343057831115,0.110844789895248,0.106652514849262
"2017-05-25",0.0388086411914775,0.0101399653723604,0.041724064839815,0.0331263967862827,0.0732322973287861,0.0684700673015842,0.00931035372453332,0.0664200123117461,0.110859371055834,0.0893681819909355,0.0625335169565766,0.0656067363860122,0.0612315014812356,0.0580703136409469,0.113041762180396,0.0980568174514783
"2017-06-01",0.0323741895807967,0.00975782452673131,0.0415496358259608,0.0300010000593065,0.0561981539135347,0.0637580096969642,0.0113352040175061,0.0669535361436447,0.116987184703415,0.0999815524429102,0.0594569203769792,0.0726786369104706,0.0704317484829337,0.0665171924206947,0.0964646163592407,0.105554594538911
"2017-06-08",0.0309093219761891,0.0112644068175658,0.0528674177168448,0.0341947106391731,0.0567357931764543,0.0612772232788503,0.0125437764027627,0.0743383455944539,0.104677150006498,0.0904834619786983,0.0775711985759136,0.0625786635842643,0.0591677525593275,0.0604578017623158,0.114233975875104,0.0966990000555837
"2017-06-15",0.0347784215658702,0.011358682760603,0.0482870117879835,0.0416092637322382,0.048489792410233,0.0513003645765383,0.0139300698046384,0.0586015317105854,0.112624611070954,0.0910128159522213,0.0708643229194194,0.0637522218278537,0.0582136758977479,0.0517083149034945,0.12705605173418,0.116412847345439
"2017-06-22",0.0166405725444112,0.00885962186128599,0.0259502842027989,0.0382097821516152,0.04284081442723,0.0379410326676652,0.0166147838482382,0.0695457259598195,0.126897636383482,0.106126309420058,0.0601202533515004,0.0712607998732894,0.0665576928380506,0.0584591334968461,0.128150873439494,0.125824683534215
"2017-06-29",0.0192671582892012,0.00941883004436048,0.0273553305040991,0.0510891256690165,0.0469539765559181,0.0289262095731784,0.0164916478867316,0.064871628265668,0.125649532288147,0.101887623649567,0.0464402369801646,0.0735798921552636,0.0686653028283966,0.0644725379792232,0.133099348937896,0.121831618393169
"2017-07-06",0.022788873160871,0.0116456682422241,0.0288435726037624,0.0497846141745829,0.042321340437157,0.0404225153770214,0.018972867544153,0.0611385575441236,0.126082157711741,0.0967474572652208,0.0502524408504407,0.0703293673754245,0.0600672104576967,0.0582753195488009,0.135608866726305,0.126719170980475
"2017-07-13",0.0218440276353391,0.012021876771036,0.0264224056450444,0.075772712765183,0.0437754114575826,0.0361680985927969,0.0168898768600074,0.0636999319360855,0.116810904130583,0.0925951980460656,0.0502451619208486,0.0703274717711462,0.0620846315438537,0.0582833293923584,0.127801671504763,0.125257290027306
"2017-07-20",0.0231604420161587,0.0131383449644281,0.0288703008433529,0.0668590854230741,0.0354698542362949,0.0313014965556793,0.0182429842836964,0.056786951376159,0.123966628169255,0.0965309731309063,0.0486597510147875,0.0678476169651385,0.0611371318367344,0.0553588157651615,0.139915847016343,0.13275377640283
"2017-07-27",0.0251447535472008,0.0152523643264103,0.0279978803115505,0.0541800852186096,0.0390422220150618,0.0374570184075933,0.0196671034034605,0.0503048278635245,0.138458921010226,0.0929396691465202,0.0477621826493681,0.0635132650083968,0.0560601943403426,0.0480292474681308,0.147800946061192,0.136389319222413
"2017-08-03",0.0255828033984904,0.0160528341069134,0.0270045145721122,0.0578235069688501,0.0355363209336975,0.0336869076399905,0.02241625247895,0.0503471427456327,0.143503371814539,0.0940552877417707,0.0456892879227932,0.0649987815543474,0.0583820349205062,0.0507583153256167,0.138830832917455,0.135331804958335
"2017-08-10",0.029897119478027,0.0190081719236299,0.0305535439995023,0.0577871880597273,0.0380919149123878,0.0338835696717766,0.0257478841162891,0.0538893752768201,0.130599447306244,0.0916727682809786,0.0501731611197241,0.0652220039383535,0.0587351435351257,0.0512714090630723,0.135602183947012,0.12786511537133
"2017-08-17",0.0343070634260779,0.0230407133356634,0.0316133766021995,0.0622301738210194,0.0378534593661218,0.0422242083081759,0.0302624424772105,0.0460404001039943,0.131405754335125,0.0901412380834239,0.0449283476210794,0.06147838580647,0.0536583109076505,0.0438813164756962,0.141107138322909,0.125827671007183
"2017-08-24",0.0357338744200651,0.0249624605774376,0.0321882457021134,0.0605366350440108,0.0378196813066386,0.0431409107346001,0.0319649852391264,0.0461342795732126,0.128531288008552,0.0905156730331944,0.0435437591183042,0.0600944350197954,0.0529159015242494,0.0440920674127814,0.14108814111571,0.126737662170208
"2017-08-31",0.0376835976497148,0.0271612381820761,0.0319592230838109,0.0683163712316217,0.0379209494580701,0.0375646374263862,0.0336881358047068,0.0471393398485142,0.127134719269495,0.0831533722477636,0.0451105656745957,0.0562474993306235,0.0506977886067782,0.0421505019390552,0.142494572486985,0.131577487759803
"2017-09-07",0.0388794220956904,0.0287259664793146,0.0336187136633011,0.058893073207349,0.0420321848374493,0.0435203305548713,0.0365148186853836,0.0488842853431839,0.124524375915707,0.0858172958707473,0.0446804160765882,0.0574646519340844,0.0532141748564946,0.0459771016036035,0.130145050496377,0.127108138379855
"2017-09-14",0.0462569277100361,0.0355383241734143,0.0402634320443678,0.0609939984989026,0.0447281903540242,0.0513252252416323,0.0431026190229341,0.0497800839173399,0.119119178000623,0.0789317627654346,0.0472198906529317,0.050448945170794,0.0464937327511944,0.0468393435130084,0.12360170162583,0.115356644557533
"2017-09-21",0.0536823449336416,0.0455323488285892,0.0436443549165068,0.0564891540512743,0.0463652836478176,0.0509876953444025,0.0503432761761248,0.0473768356504265,0.117719384111091,0.0751361218457322,0.0499674035136758,0.0441396379074181,0.0400810889996142,0.0441148155406295,0.122542150502533,0.111878104030523
"2017-09-28",0.0590060654064429,0.0516805574012235,0.0524408340423564,0.0685102944651683,0.0489585729628327,0.0571224792876671,0.0588140313044849,0.0472983488940549,0.105247982378182,0.0662569511117749,0.0537002081769858,0.0366748396514794,0.03795421720475,0.0444549499917455,0.110325247698194,0.101554420022657
"2017-10-05",0.0683333748406131,0.0576735163623241,0.0539491452358676,0.0601173013694758,0.0529042263257206,0.0651437744150607,0.0694854170166723,0.0466738876992852,0.0969089305315352,0.0604267089578271,0.0597609348851792,0.0287729289961953,0.0333012246375491,0.0421201059510731,0.107983252192936,0.0964452705826854
"2017-10-12",0.0752926423324519,0.0627273669109962,0.0601708572487763,0.0616711359429049,0.0515540794998278,0.066359156694644,0.0790874572385171,0.0408063092436597,0.0942682941093726,0.0542814722411433,0.061669641722857,0.0246763110007487,0.0299337770071149,0.038074418031725,0.105990222251826,0.093436858523435
"2017-10-19",0.0783494093812209,0.0692847180498586,0.0590580173046488,0.0648228952257064,0.0484146378967958,0.0669068700296487,0.0747109979146082,0.037370829019364,0.0960590075296214,0.0502972387688166,0.0561702550390568,0.0209291365022522,0.0272162736383132,0.0335020139491717,0.113547821209688,0.103359878541229
"2017-10-26",0.0779122070359268,0.0771590476713229,0.0445383941359338,0.0687366967598027,0.0380015873580005,0.0582170719372345,0.0651190599152301,0.0290440039737282,0.120292798850864,0.0484740597836789,0.0458489623143705,0.0169638549915431,0.0216490778195092,0.0267383417971783,0.133265240451261,0.128039595204416
"2017-11-02",0.081809482909754,0.0916366454367008,0.0485277478323553,0.0592316082530228,0.035494123024931,0.0582457984327231,0.0748834677389634,0.0245127263682121,0.126920825987385,0.0373463139581663,0.0379443777285805,0.0137518173150021,0.019702357740257,0.0234544546501169,0.138384669238738,0.128153583385092
"2017-11-09",0.0866104193285476,0.095464566629548,0.0452536407591132,0.0577209617946535,0.0483672511819109,0.0735393591456258,0.0844201484350463,0.0202354352900425,0.116374182091476,0.0270512114243261,0.044239590216895,0.0127714521272895,0.0174940555494259,0.0210611038343982,0.126910171645345,0.122486450546356
"2017-11-16",0.0811660136992549,0.0927663329991536,0.0422310414007417,0.0517762802033962,0.0686663316311211,0.077136169835849,0.0789146475802519,0.0207396725863196,0.112884399745222,0.0242236733974351,0.0475376728219787,0.0151032467880717,0.0169085315723874,0.0211905752231447,0.128727254747238,0.120028155768435
"2017-11-22",0.0856209161403316,0.0931277867437809,0.0405278552439495,0.0418234104823288,0.0657685261955876,0.0609981319461468,0.0793423771836542,0.0267339777386434,0.120092223090714,0.0260364482547888,0.0484069390041759,0.0168871090793619,0.020944567065792,0.0244861896375364,0.123771846388785,0.125431695804424
"2017-11-30",0.0863362593444692,0.090001113549498,0.0369511208917632,0.0270770317004871,0.0583426434989663,0.0754490530363219,0.0887176411064456,0.0250216721338023,0.122887505409018,0.0307629610552329,0.0517043154741389,0.0197553406182758,0.022336099683664,0.023744720427127,0.119524604629066,0.121387917441724
"2017-12-07",0.0917432636045167,0.091308967524601,0.031973533497781,0.030439004540163,0.058987547866376,0.0734609336968452,0.0820227336240533,0.0302652319231827,0.124119853391042,0.0305852672094675,0.0389772015401223,0.0217829947278277,0.0287436513536382,0.0294885511437607,0.112260062540659,0.123841201815963
"2017-12-14",0.0953217641163927,0.0859856723174251,0.0313931355381019,0.025293389460203,0.0507259044754083,0.0701621884652893,0.0816217520531994,0.0285640743971896,0.130353981501063,0.0345139903030292,0.0373726496174317,0.0272832021710181,0.0284143251284036,0.0295454506719307,0.114625403694549,0.128823116089366
"2017-12-21",0.0950361376187548,0.0918999053888399,0.027350247472815,0.0272132183698562,0.046865083960181,0.0705562559218382,0.0833819759226619,0.0263711633498884,0.126977822128247,0.0387021679472282,0.0395921701781655,0.0318150354523104,0.0295134755569365,0.0289132038642577,0.116657547642148,0.11915458922587
"2017-12-28",0.0953188584421717,0.092483292140507,0.0265083837480022,0.0258754524332583,0.0339670558120717,0.0752883803124673,0.0821714116199099,0.0242102289031658,0.129854732188617,0.0434805543379906,0.0342538077518343,0.0406261423052951,0.0326109736604635,0.028192158045826,0.1130335085978,0.12212505970062
"2018-01-04",0.0891667121079048,0.0901727427694022,0.0265527038986921,0.0184145438318035,0.0303693573893517,0.0769119075509895,0.0819394670231191,0.0227938261738517,0.131716389040284,0.056230737040342,0.0289692452019169,0.0510511978095321,0.0340207522999379,0.0262085304134726,0.112731617009609,0.122750270439791
"2018-01-11",0.0929173362787441,0.0885040208477512,0.0240346988039402,0.0197654484204677,0.0280932639469602,0.08380148594792,0.0778666242562702,0.0214851602535284,0.12311682487089,0.0557587677015981,0.0326038872558658,0.0560045409935781,0.0345236003807092,0.0259332730538465,0.107991109162088,0.127599957825842
"2018-01-18",0.091771361026408,0.081906649817335,0.0231498667646148,0.0203517811387318,0.0210133740931729,0.0752673976157561,0.0775691609099697,0.0199160544017134,0.128331748894644,0.0614589557541533,0.0323025348144604,0.0661064701030673,0.0357318413020521,0.0250907401490213,0.107765093069488,0.132266970145411
"2018-01-25",0.0883699463017229,0.0797362197968257,0.0213378232158748,0.0221843304427533,0.0173778681467003,0.0725661104556925,0.0745766551061811,0.0206153770740332,0.133638001182484,0.0721428025870901,0.0232679133977465,0.076441716948951,0.0385614853722802,0.0260122303937069,0.109157743643711,0.124013775934247
"2018-02-01",0.0661573373507767,0.0639429187186509,0.018323910802197,0.0207830794159673,0.0186811510875963,0.073053260705071,0.0734286503113939,0.0225161662617143,0.136012243047229,0.0785291071824431,0.0209626817816281,0.0871069243818108,0.0434100506002093,0.0283608683302164,0.113835294634342,0.134896355388754
"2018-02-08",0.0506123719527206,0.0481316914543798,0.0174826182003213,0.0275750826385223,0.0197572013210598,0.0543130271195778,0.0550064691376601,0.0259611786157552,0.137048120279603,0.099990272021752,0.0204185587428999,0.101866707158185,0.0645360909141717,0.0359065344602993,0.116719607797833,0.12467446818526
"2018-02-15",0.0455247951390681,0.0422735109075839,0.0200078786674796,0.0279978505785903,0.0195469755336859,0.0489672036209657,0.0477425994886943,0.0284705169421818,0.129032355746321,0.104943602134641,0.0224629341954596,0.106771199166673,0.0662758346628762,0.0418109165533173,0.118397608491251,0.129774218171212
"2018-02-22",0.0550264754787632,0.0520070216682253,0.0230590007867789,0.0268269220729063,0.0221770197381609,0.0469827678262775,0.0531797486630209,0.0299131455713313,0.120310265715417,0.101072492902108,0.0280146159876423,0.112697816675212,0.0672710411082805,0.0416939186094753,0.109194541700062,0.110573205496338
"2018-03-01",0.053334216220594,0.0518500628566514,0.0249021760854877,0.0297095146055437,0.0250213161929207,0.0459468431586739,0.0496497341931122,0.0330401316630402,0.110668968754709,0.101723602356898,0.0275222737573591,0.10111118648454,0.0705491560018695,0.0423985391400759,0.116594416008366,0.11597786252016
"2018-03-08",0.0552206276312595,0.0540744313492104,0.0262695496745512,0.0276990416083205,0.0255602139669213,0.0471207829262347,0.0504938915729295,0.0324672009388924,0.108320888353792,0.0980199185248365,0.0284089385122606,0.101259988662581,0.0842858780636612,0.047006177787203,0.105105633960655,0.108686836466691
"2018-03-15",0.050896710791755,0.0495643698604201,0.0245277489422319,0.0237976485564061,0.0251367086347063,0.0450764955050027,0.0462943263265332,0.0453957326893304,0.0910857104094167,0.0976518492067611,0.0296581127185396,0.0997755328992132,0.103966442999171,0.0728861917142995,0.0949110182420448,0.0993754005041688
"2018-03-22",0.0470049202267517,0.0482979229909199,0.0235606582792983,0.0234323059958702,0.0250850888134245,0.0419768144887848,0.0425535341775597,0.0365695340493251,0.106994945752321,0.0999370419926994,0.0280775546671197,0.101603875976489,0.0945134211445242,0.0725988644651538,0.103126005145611,0.104667511834146
"2018-03-29",0.0412929797221834,0.0417057284665951,0.0204553228144944,0.0271031765868957,0.0245539190274816,0.0407543369614915,0.0398548635091447,0.0483336464027556,0.100693745853367,0.101674324848189,0.0261666296517756,0.100953387153815,0.105934141720297,0.0717250908757296,0.103489820870511,0.105308885535274
"2018-04-05",0.0384052742159785,0.0395571470576612,0.0219038336698672,0.0313881551670702,0.0307117039800508,0.0375671144859724,0.0397904862204497,0.0503573356162364,0.101868287714243,0.0886361154847383,0.0266745278748821,0.0989010440829692,0.106822710562538,0.0927523527247212,0.0968584432020478,0.0978054679405738
"2018-04-12",0.0358077354905744,0.0369404335517021,0.0217266039887329,0.0324773380968312,0.030816244677183,0.0339054427907845,0.0349529365328068,0.058880240805258,0.0985598044266016,0.0994691901464711,0.0235805274151128,0.0996442562995976,0.107365854549576,0.0884541637895338,0.0883473819027791,0.109071845536455
"2018-04-19",0.0356651163968138,0.0386908576943548,0.0211010160404567,0.0345724441533422,0.0277125321860606,0.0333879020444554,0.0335396563245106,0.0673579518712848,0.0902188920924272,0.0976877883134503,0.0286283081256063,0.100826179225593,0.108075655996337,0.0945843979676553,0.0931888453013485,0.0947624562663032
"2018-04-26",0.0306841698182054,0.0338309248182565,0.0193328095133832,0.0419225448093741,0.029301318711545,0.0285327347561252,0.0287678377246346,0.0611322678513226,0.109245274185686,0.106419645272597,0.0238119980588077,0.0991512389638358,0.100527835968383,0.0828235131616059,0.095286117037938,0.1092297693483
"2018-05-03",0.0262479160182522,0.0306522417118111,0.0304437121206258,0.0421800636560877,0.0620094060175163,0.0238837108303453,0.0258554872470898,0.0770123749058995,0.0856865295706868,0.0936579282295698,0.0208066693468663,0.0986160744690429,0.0992574481718433,0.0985790187321653,0.0910033717557076,0.0941080472164901
"2018-05-10",0.0180647372779195,0.0212897606096334,0.0181040662026456,0.0501968958335265,0.055123339793376,0.0163213012129221,0.0185558114956884,0.0831845102756965,0.0825386868166467,0.107050140289194,0.0167495614936972,0.10464197313515,0.103974893600395,0.0980527144132566,0.09893701594424,0.107214591606012
"2018-05-17",0.0174432833436233,0.0245803296605092,0.0234366971016235,0.0454134014433427,0.0576421867348353,0.0133531867559383,0.015948968850936,0.0848940838991061,0.0916167443942956,0.103599066147747,0.0148545998323828,0.105017633830839,0.1071711360997,0.0989155582122801,0.0942350657025535,0.101878057990288
"2018-05-24",0.0164808299408659,0.0201412133814071,0.0236112530762305,0.0421099960031239,0.0653378668526943,0.0124053161572515,0.0153170349228163,0.100591442658043,0.0884782982305154,0.0994910237153509,0.0189021333971588,0.10380394519632,0.099468215059175,0.103809041309783,0.0951032547598465,0.0949491353394175
"2018-05-31",0.0166619022826028,0.0200746426260346,0.0233695834430072,0.0284092863655826,0.0679978985886227,0.0160031538464293,0.0170601672310011,0.0807526292410966,0.08797572523651,0.10497566873336,0.0188003718985128,0.107058435790272,0.110222556592258,0.0952124383679353,0.0967200910782642,0.108705448678511
"2018-06-07",0.0222538982304458,0.0260987247271943,0.0342741998106008,0.0333413425291465,0.0672708789300703,0.0168866815829195,0.0182667567248845,0.0965774500279077,0.0834755761067202,0.0994187259403947,0.0202444019434219,0.0959033283946081,0.10323545966447,0.100114247668211,0.0885231584333031,0.094115169285702
"2018-06-14",0.0249802888697241,0.0302140366704934,0.0310193680475961,0.0288580844352431,0.0622428795845091,0.0192279488081991,0.022867493337627,0.0903933224575494,0.0830373670342417,0.103570729087058,0.0257203452578615,0.101704198155387,0.0979564912851178,0.0910835383131498,0.0852255683760467,0.101898340280196
"2018-06-21",0.0272382587833472,0.0311661792469319,0.0308478718231983,0.03227423888813,0.0844368217444179,0.0197328078944154,0.0242641924196754,0.0816910374648966,0.0811240345013106,0.0966197709498561,0.0265182994687274,0.0933339836084662,0.0979552395470513,0.0977744002662913,0.0741948416678045,0.10082802172548
"2018-06-28",0.0342967747971035,0.0380644052419283,0.0427713552599441,0.0234418259917726,0.0661326636400406,0.023969633447552,0.0264335823950305,0.0816839944460345,0.0808076976353316,0.0926983377981251,0.0317963459777445,0.0897812899202943,0.0950957823450806,0.0852748681593862,0.0857735691996513,0.10197787374498
"2018-07-05",0.0285735908271539,0.0365390353477703,0.0536201893094589,0.0207046999769864,0.0873016017520114,0.0193321382075765,0.0215818054648157,0.0878361524305586,0.069370185180823,0.0868867416262915,0.0379280205139575,0.091460029259645,0.0892954661601036,0.0950230936468688,0.0900614009928601,0.0844858493031188
"2018-07-12",0.033098238438536,0.0404289779569012,0.0462051082300163,0.0259086770772801,0.0858255330678992,0.0233930389869888,0.0248519694774412,0.0888811584002589,0.0720955991274223,0.0851155066716599,0.0396625354631091,0.0825061350634744,0.0951739027867064,0.088854192208694,0.0782207902232845,0.0897786368203275
"2018-07-19",0.0349508915135988,0.0412946496953025,0.0500482823416266,0.0175834496422811,0.0865216698999417,0.031653455748235,0.0362654820284731,0.0848175893254872,0.0721230852993908,0.082608479105852,0.0392696353909506,0.0822422875525707,0.0897496771725862,0.0884084874316447,0.0777569205234508,0.0847059573286084
"2018-07-26",0.0494332123409459,0.0505402768990829,0.0454573473725912,0.0142030105767732,0.0928772077335752,0.0401835203144619,0.0372547662606085,0.0756358966472118,0.0678053576640467,0.0814317430404357,0.0328262026993718,0.0827363000744506,0.0845797342204822,0.0813918358930672,0.0793264080720417,0.0843171801908534
"2018-08-02",0.0372734304684718,0.0410451472187847,0.0446544806345351,0.0197042731989597,0.0976614175743498,0.0304872153713335,0.0312776211947295,0.0846261390925138,0.0710445108041558,0.0841674808531364,0.0365668855993656,0.0877019285034035,0.0900298905981284,0.083302658326271,0.0713106535949068,0.0891462669669546
"2018-08-09",0.0449857085572362,0.0472653117426261,0.0551286924737328,0.0205389735780139,0.0939973560048419,0.0232273197685237,0.0309664366941861,0.0842112351874134,0.0669046782777144,0.0814604394441229,0.0442095642079371,0.0781439590018621,0.0901979108935748,0.0879496009686344,0.067140138013659,0.0836726751859212
"2018-08-16",0.0460569116184162,0.0599488098396922,0.0603179846984395,0.0164298218287,0.0787537437039551,0.042161050825918,0.0487251896863028,0.0731027569479183,0.0662594649739666,0.07409354330306,0.0483580885915354,0.074161102566227,0.0849139502722391,0.0765064122726603,0.0724040807084305,0.077807088162539
"2018-08-23",0.0384108683748305,0.0489767253059642,0.0484967532515472,0.01607797769371,0.0867332663415386,0.0337361715976793,0.0413768802068133,0.0678018389139554,0.0693999229746552,0.0890411469966272,0.0366599243292795,0.089078288186517,0.0883724998444851,0.0827597214650156,0.072257517760272,0.09082049675711
"2018-08-30",0.0437230662105411,0.0583300319245269,0.0413257362894153,0.0157183584296277,0.0855801452303837,0.040469856286836,0.0513542127276731,0.0709219590752334,0.0713279391956164,0.0823472156193894,0.0417549403003818,0.0854486192141038,0.0832196893181025,0.067692810123339,0.0726284193849732,0.0881570006698566
"2018-09-06",0.0413651150545146,0.0585556064062476,0.0434470594674177,0.0144391018636237,0.0836630426571595,0.0368356737559433,0.0430264623767419,0.0694794532559405,0.0784673485526053,0.0843932123715608,0.0392310914535545,0.0843276835893729,0.0855837562557879,0.0700572179495063,0.0762365921599406,0.0908915828300828
"2018-09-13",0.0560984098465103,0.0727385683134788,0.045521421631515,0.0144544278099373,0.0735401607704863,0.0481127837497702,0.0564379569820733,0.0612855084113461,0.0722671695416995,0.0763395914316085,0.0530379722850063,0.0785727299871344,0.0767744260257378,0.0681428220460768,0.0698145098855023,0.0768615412821173
"2018-09-20",0.0567756508142457,0.0766382553875634,0.0348231076401818,0.0170728738970105,0.0751206334017608,0.054118987884053,0.0632429186997931,0.0547247276828765,0.0773973225686829,0.076418350122673,0.0449421665082405,0.0751091449091713,0.0707766224011873,0.0609932780712243,0.0769388946215955,0.0849070653897405
"2018-09-27",0.0496046945326226,0.0700382900945936,0.0315200542383535,0.0162734040907194,0.087815875547085,0.0469106384834975,0.0544623281234482,0.0593167908635074,0.0817919619648863,0.0791382457646711,0.0481352924815401,0.0798722355378509,0.0761376727899608,0.054315844977409,0.0789364128009949,0.0857302577088596
"2018-10-04",0.0512653948516418,0.0754387428377969,0.0238768470033779,0.0162023436827001,0.0701174100574033,0.0414676929959911,0.0646014225254689,0.0485441169963989,0.0908664171330108,0.0830369260445767,0.0383979097083446,0.0866064483314257,0.0774702335127027,0.0583905644316662,0.0831394694592457,0.0905780604282486
"2018-10-11",0.044517331016473,0.073593184955593,0.0226776749505962,0.0215369536004804,0.0759961912400474,0.0458447872957176,0.0739222932357568,0.0461279167200558,0.0859936524415186,0.0861207568758493,0.0402157946672403,0.0833195607656463,0.0741752784997971,0.0552407553808014,0.0840815527954436,0.0866363155589832
